"Object Designation  ","Date (yyyy-mm-dd.dd)","Distance (rEarth)","Width (rEarth)","Sigma Impact  ","Sigma LOV  ","Stretch LOV (rEarth)","Impact Probability  ","Impact Energy (Mt)","Palermo Scale  ","Torino Scale  ",""
"29075 (1950 DA)","2880-03-16.99","0.04","1.00e-3","0.000","-2.345","5.26e+2","1.2e-4","7.538e+04","-1.42","","a0029075"
"410777 (2009 FD)","2185-03-29.75","0.51","< 1.e-04","0.000","1.298","2.23e+2","1.4e-3","1.448e+02","-1.83","","a0410777"
"101955 Bennu (1999 RQ36)","2196-09-24.33","0.15","< 1.e-04","0.000","-0.065","1.68e+4","9.4e-5","1.151e+03","-2.32","","a0101955"
"101955 Bennu (1999 RQ36)","2185-09-24.59","0.04","< 1.e-04","0.000","0.182","2.55e+4","6.3e-5","1.152e+03","-2.46","","a0101955"
"101955 Bennu (1999 RQ36)","2175-09-25.15","0.23","< 1.e-04","0.000","1.344","1.49e+4","4.1e-5","1.151e+03","-2.62","","a0101955"
"101955 Bennu (1999 RQ36)","2196-09-24.31","0.00","< 1.e-04","0.000","-0.092","4.74e+4","3.5e-5","1.151e+03","-2.74","","a0101955"
"410777 (2009 FD)","2190-03-30.08","0.57","< 1.e-04","0.000","0.565","3.51e+3","1.7e-4","1.449e+02","-2.75","","a0410777"
"101955 Bennu (1999 RQ36)","2193-09-24.60","0.01","< 1.e-04","0.000","-1.938","9.47e+3","2.8e-5","1.152e+03","-2.84","","a0101955"
"99942 Apophis (2004 MN4)","2068-04-12.64","0.02","< 1.e-04","0.000","1.007","1.31e+5","6.7e-6","1.151e+03","-2.93","0","a0099942"
"101955 Bennu (1999 RQ36)","2180-09-24.39","0.12","< 1.e-04","0.000","0.529","8.33e+4","2.0e-5","1.150e+03","-2.96","","a0101955"
"101955 Bennu (1999 RQ36)","2185-09-24.59","0.07","< 1.e-04","0.000","-0.111","8.34e+4","2.0e-5","1.151e+03","-2.97","","a0101955"
"(1979 XB)","2056-12-12.90","0.19","9.71e-2","0.000","-0.89486","2.95e+6","1.8e-7","4.270e+04","-3.12","0","bJ79X00B"
"(1979 XB)","2113-12-14.75","0.21","2.55e-2","0.000","0.06341","1.40e+6","5.6e-7","3.074e+04","-3.13","0","bJ79X00B"
"(2010 AU118)","2020-10-20.11","25.31","6.35e+2","0.038","-0.56370","5.07e+5","1.3e-9","9.104e+05","-3.14","0","bK10AB8U"
"(2007 FT3)","2019-10-03.93","65.92","4.67e+1","1.390","-0.52688","3.75e+4","9.2e-8","2.670e+03","-3.17","0","bK07F03T"
"101955 Bennu (1999 RQ36)","2180-09-24.36","0.19","< 1.e-04","0.000","0.894","9.67e+4","1.1e-5","1.152e+03","-3.19","","a0101955"
"101955 Bennu (1999 RQ36)","2187-09-25.14","0.86","< 1.e-04","0.000","1.689","1.98e+4","8.3e-6","1.152e+03","-3.35","","a0101955"
"(2017 GM7)","2035-06-20.48","0.73","3.62e+0","0.000","-2.90594","2.61e+4","7.5e-8","2.380e+04","-3.36","0","bK17G07M"
"(2015 ME131)","2017-08-19.39","144.61","6.15e+2","0.234","0.78940","2.41e+5","2.4e-9","1.146e+04","-3.41","0","bK15MD1E"
"101955 Bennu (1999 RQ36)","2175-09-25.16","0.45","< 1.e-04","0.000","1.051","1.18e+5","6.4e-6","1.151e+03","-3.43","","a0101955"
"(2008 UV99)","2019-03-30.15","11.92","3.04e+1","0.359","0.51598","4.70e+5","2.9e-8","3.932e+03","-3.44","0","bK08U99V"
"(2017 FN128)","2059-09-13.59","4.26","1.58e+0","2.059","2.28996","9.01e+3","9.0e-8","3.449e+04","-3.52","0","bK17FC8N"
"101955 Bennu (1999 RQ36)","2191-09-25.13","0.03","< 1.e-04","0.000","-0.164","3.05e+5","5.4e-6","1.150e+03","-3.54","","a0101955"
"(2010 AU118)","2025-10-20.64","103.75","6.26e+2","0.164","-0.53931","7.40e+5","9.2e-10","9.039e+05","-3.68","0","bK10AB8U"
"101955 Bennu (1999 RQ36)","2182-09-24.85","0.28","< 1.e-04","0.000","-2.291","3.03e+4","3.5e-6","1.151e+03","-3.71","","a0101955"
"(2017 FO128)","2104-03-15.81","0.61","1.17e-2","0.000","-1.58172","1.13e+4","1.6e-5","7.554e+01","-3.71","0","bK17FC8O"
"(2005 ED224)","2018-03-11.32","0.90","9.42e-3","0.000","1.43764","2.96e+5","4.1e-7","2.447e+01","-3.72","0","bK05EM4D"
"(2001 CA21)","2020-10-08.57","12.96","9.77e+0","1.224","-1.60215","1.90e+6","3.2e-9","5.487e+04","-3.73","0","bK01C21A"
"(2007 FT3)","2024-10-02.85","52.12","4.74e+1","1.079","-0.82761","5.48e+4","7.5e-8","2.724e+03","-3.73","0","bK07F03T"
"101955 Bennu (1999 RQ36)","2176-09-24.39","0.17","< 1.e-04","0.000","2.458","2.56e+4","3.1e-6","1.152e+03","-3.75","","a0101955"
"(2001 CA21)","2025-10-09.45","6.30","4.55e+0","1.165","-1.61080","1.67e+6","7.1e-9","5.554e+04","-3.76","0","bK01C21A"
"101955 Bennu (1999 RQ36)","2181-09-24.78","0.01","< 1.e-04","0.000","1.021","3.52e+5","2.9e-6","1.151e+03","-3.80","","a0101955"
"(2016 NL56)","2019-09-04.74","54.17","9.29e+1","0.573","-0.37959","4.55e+4","9.2e-8","3.903e+02","-3.82","0","bK16N56L"
"(2016 NL56)","2020-06-23.44","50.74","9.50e+2","0.052","0.12644","8.66e+5","6.0e-10","2.977e+05","-3.83","0","bK16N56L"
"(2010 AU118)","2028-10-19.96","106.92","5.54e+2","0.191","-0.57945","8.55e+5","8.8e-10","9.147e+05","-3.83","0","bK10AB8U"
"(2007 FT3)","2030-10-03.62","36.39","4.77e+1","0.742","-0.60895","6.54e+4","9.9e-8","2.685e+03","-3.87","0","bK07F03T"
"(2001 VB)","2023-07-23.30","0.92","5.15e-1","0.000","-3.39298","3.23e+5","2.4e-9","8.601e+04","-3.95","0","bK01V00B"
"(2012 QD8)","2047-03-08.97","0.25","1.48e-2","0.000","0.07979","1.68e+5","4.6e-6","4.817e+01","-3.95","0","bK12Q08D"
"(2010 AU118)","2033-10-20.43","5.08","5.47e+2","0.007","-0.56034","8.88e+5","8.8e-10","9.094e+05","-3.98","0","bK10AB8U"
"(2010 AU118)","2030-10-21.05","175.37","6.23e+2","0.280","-0.52635","9.62e+5","7.0e-10","9.004e+05","-4.00","0","bK10AB8U"
"(2010 WC9)","2027-05-16.00","0.60","4.43e-1","0.000","1.03461","9.39e+4","3.2e-6","1.557e+01","-4.02","0","bK10W09C"
"101955 Bennu (1999 RQ36)","2194-09-24.80","0.57","< 1.e-04","0.000","2.916","9.55e+3","1.8e-6","1.151e+03","-4.04","","a0101955"
"99942 Apophis (2004 MN4)","2076-04-13.02","0.11","< 1.e-04","0.000","1.075","1.73e+6","5.4e-7","1.151e+03","-4.09","0","a0099942"
"101955 Bennu (1999 RQ36)","2186-09-24.97","0.54","< 1.e-04","0.000","-0.187","8.05e+5","1.5e-6","1.151e+03","-4.10","","a0101955"
"(2016 WN55)","2020-09-13.11","158.88","1.04e+2","1.516","-0.49467","1.49e+5","8.9e-9","5.024e+03","-4.10","0","bK16W55N"
"101955 Bennu (1999 RQ36)","2198-09-24.91","0.40","< 1.e-04","0.000","-1.450","3.12e+5","1.5e-6","1.152e+03","-4.11","","a0101955"
"101955 Bennu (1999 RQ36)","2182-09-24.86","0.07","< 1.e-04","0.000","-2.753","2.61e+4","1.4e-6","1.151e+03","-4.11","","a0101955"
"101955 Bennu (1999 RQ36)","2181-09-24.54","0.17","< 1.e-04","0.000","1.361","4.61e+5","1.4e-6","1.151e+03","-4.12","","a0101955"
"(2007 FT3)","2041-10-03.36","28.31","4.82e+1","0.567","-0.63624","7.30e+4","9.8e-8","2.690e+03","-4.13","0","bK07F03T"
"(2011 BT59)","2052-04-10.29","2.69","1.77e+0","0.959","-0.93149","5.10e+5","1.2e-7","3.339e+03","-4.13","0","bK11B59T"
"(2015 ME131)","2018-08-19.19","83.84","6.22e+2","0.133","0.76847","3.35e+5","1.8e-9","1.100e+04","-4.13","0","bK15MD1E"
"101955 Bennu (1999 RQ36)","2191-09-25.18","0.66","< 1.e-04","0.000","-0.146","7.37e+5","1.4e-6","1.150e+03","-4.13","","a0101955"
"(2008 EX5)","2072-10-09.02","0.02","1.55e-2","0.000","-0.99054","2.07e+4","2.4e-5","7.285e+00","-4.16","0","bK08E05X"
"101955 Bennu (1999 RQ36)","2191-09-25.32","0.17","< 1.e-04","0.000","-0.172","1.20e+6","1.3e-6","1.150e+03","-4.17","","a0101955"
"(2017 FN128)","2064-09-12.85","1.84","1.59e+0","0.526","2.28139","5.56e+5","2.2e-8","3.450e+04","-4.18","0","bK17FC8N"
"101955 Bennu (1999 RQ36)","2190-09-24.81","0.01","< 1.e-04","0.000","0.311","1.62e+6","1.2e-6","1.152e+03","-4.18","","a0101955"
"(2010 AU118)","2036-10-19.92","134.56","5.19e+2","0.257","-0.58596","1.18e+6","6.6e-10","9.159e+05","-4.18","0","bK10AB8U"
"(2017 GM7)","2076-06-19.74","2.50","3.07e+0","0.491","-0.39778","2.85e+6","3.8e-8","2.324e+04","-4.18","0","bK17G07M"
"(2007 FT3)","2035-10-03.69","27.50","4.81e+1","0.551","-0.79003","1.02e+5","6.4e-8","2.718e+03","-4.19","0","bK07F03T"
"99942 Apophis (2004 MN4)","2103-04-14.44","0.60","< 1.e-04","0.000","1.002","1.33e+6","5.4e-7","1.151e+03","-4.24","0","a0099942"
"101955 Bennu (1999 RQ36)","2191-09-25.38","0.03","< 1.e-04","0.000","0.535","1.39e+6","1.0e-6","1.150e+03","-4.26","","a0101955"
"(2010 CR5)","2062-01-01.09","1.15","1.31e+0","0.113","-0.35392","3.45e+6","6.9e-8","5.922e+03","-4.27","0","bK10C05R"
"(2017 GM7)","2060-06-19.60","6.05","3.87e+0","1.305","-2.60364","5.92e+4","2.2e-8","2.382e+04","-4.27","0","bK17G07M"
"(2010 AU118)","2038-10-20.85","68.21","5.71e+2","0.118","-0.54675","1.29e+6","5.8e-10","9.055e+05","-4.28","0","bK10AB8U"
"101955 Bennu (1999 RQ36)","2186-09-24.74","0.00","< 1.e-04","0.000","0.692","1.42e+6","9.4e-7","1.150e+03","-4.30","","a0101955"
"(2010 AU118)","2041-10-20.35","48.57","5.29e+2","0.090","-0.56982","1.28e+6","6.2e-10","9.116e+05","-4.30","0","bK10AB8U"
"99942 Apophis (2004 MN4)","2065-04-11.77","0.17","< 1.e-04","0.000","0.923","4.15e+6","2.6e-7","1.151e+03","-4.32","0","a0099942"
"101955 Bennu (1999 RQ36)","2193-09-24.74","0.02","< 1.e-04","0.000","1.674","4.86e+5","8.5e-7","1.151e+03","-4.35","","a0101955"
"(2007 FT3)","2046-10-03.49","16.88","4.83e+1","0.329","-0.77242","1.03e+5","7.0e-8","2.715e+03","-4.36","0","bK07F03T"
"101955 Bennu (1999 RQ36)","2199-09-24.92","0.78","< 1.e-04","0.000","-0.920","6.49e+5","8.7e-7","1.152e+03","-4.36","","a0101955"
"101955 Bennu (1999 RQ36)","2194-09-24.79","0.18","< 1.e-04","0.000","2.832","3.35e+4","8.5e-7","1.151e+03","-4.36","","a0101955"
"101955 Bennu (1999 RQ36)","2192-09-24.19","0.08","< 1.e-04","0.000","-0.213","3.74e+5","8.4e-7","1.154e+03","-4.36","","a0101955"
"101955 Bennu (1999 RQ36)","2186-09-25.00","0.29","< 1.e-04","0.000","1.327","7.51e+5","8.1e-7","1.151e+03","-4.36","","a0101955"
"(2008 EX5)","2083-10-09.71","0.35","1.64e-2","0.000","-0.91976","2.78e+4","1.8e-5","7.281e+00","-4.36","0","bK08E05X"
"(2012 QD8)","2050-03-08.68","0.07","1.46e-2","0.000","-3.10852","3.36e+3","1.9e-6","4.855e+01","-4.37","0","bK12Q08D"
"101955 Bennu (1999 RQ36)","2188-09-24.35","0.90","< 1.e-04","0.000","2.781","1.58e+4","8.0e-7","1.150e+03","-4.37","","a0101955"
"(2015 RN35)","2074-12-12.66","0.78","6.08e-3","0.000","0.58875","5.24e+4","8.0e-6","1.577e+01","-4.38","0","bK15R35N"
"(2007 FT3)","2073-10-03.27","21.97","4.55e+1","0.461","-0.81209","5.73e+4","1.2e-7","2.723e+03","-4.39","0","bK07F03T"
"101955 Bennu (1999 RQ36)","2198-09-24.74","0.07","< 1.e-04","0.000","-0.193","2.08e+6","7.8e-7","1.150e+03","-4.41","","a0101955"
"(2010 AU118)","2044-10-19.91","150.65","4.99e+2","0.300","-0.58951","1.48e+6","5.4e-10","9.167e+05","-4.41","0","bK10AB8U"
"(2008 UB7)","2060-10-31.80","0.14","6.66e-2","0.000","2.36870","8.56e+3","5.6e-6","1.418e+01","-4.45","0","bK08U07B"
"101955 Bennu (1999 RQ36)","2194-09-24.75","0.01","< 1.e-04","0.000","3.204","1.45e+4","6.9e-7","1.153e+03","-4.45","","a0101955"
"101955 Bennu (1999 RQ36)","2190-09-24.81","0.20","< 1.e-04","0.000","0.957","1.45e+6","6.7e-7","1.152e+03","-4.45","","a0101955"
"(2008 UB7)","2060-10-31.77","0.78","2.29e-2","0.000","2.23235","7.62e+3","5.4e-6","1.419e+01","-4.46","0","bK08U07B"
"101955 Bennu (1999 RQ36)","2181-09-24.55","0.22","< 1.e-04","0.000","1.882","4.15e+5","6.3e-7","1.152e+03","-4.46","","a0101955"
"(2007 FT3)","2050-10-03.18","123.42","9.97e+1","1.228","-1.06845","2.18e+4","6.0e-8","2.767e+03","-4.47","0","bK07F03T"
"(2010 XB73)","2017-05-25.89","83.23","5.24e+1","1.568","-1.32069","1.34e+5","8.4e-9","3.185e+01","-4.47","0","bK10X73B"
"(2015 ME131)","2019-08-19.22","53.13","6.23e+2","0.084","0.75741","4.30e+5","1.4e-9","1.078e+04","-4.47","0","bK15MD1E"
"(2010 AU118)","2049-10-20.31","82.48","5.04e+2","0.162","-0.57662","1.49e+6","5.6e-10","9.130e+05","-4.47","0","bK10AB8U"
"99942 Apophis (2004 MN4)","2078-04-13.76","0.06","< 1.e-04","0.000","0.925","5.02e+6","2.2e-7","1.151e+03","-4.48","0","a0099942"
"(2016 NL56)","2023-06-11.74","136.74","1.27e+3","0.107","0.11014","9.31e+5","4.2e-10","1.645e+05","-4.48","0","bK16N56L"
"101955 Bennu (1999 RQ36)","2192-09-24.17","0.17","< 1.e-04","0.000","-2.547","5.32e+4","5.8e-7","1.151e+03","-4.52","","a0101955"
"101955 Bennu (1999 RQ36)","2191-09-25.55","0.73","< 1.e-04","0.000","0.899","1.14e+6","5.6e-7","1.150e+03","-4.53","","a0101955"
"(2017 FB1)","2108-03-03.50","0.58","2.00e-1","0.000","1.12071","7.37e+4","4.4e-6","3.674e+01","-4.54","0","bK17F01B"
"101955 Bennu (1999 RQ36)","2187-09-25.06","0.00","< 1.e-04","0.000","-2.223","2.73e+5","5.3e-7","1.152e+03","-4.55","","a0101955"
"(2007 FT3)","2091-10-04.03","53.85","5.11e+1","1.033","-0.61906","4.16e+4","1.1e-7","2.685e+03","-4.56","0","bK07F03T"
"99942 Apophis (2004 MN4)","2091-04-13.38","0.83","< 1.e-04","0.000","0.927","2.23e+6","2.2e-7","1.153e+03","-4.56","0","a0099942"
"(2010 AU118)","2048-10-20.55","157.85","5.77e+2","0.272","-0.53102","1.62e+6","4.5e-10","9.014e+05","-4.56","0","bK10AB8U"
"(2008 UB7)","2060-10-31.80","0.26","5.26e-2","0.000","2.38455","1.05e+4","4.3e-6","1.418e+01","-4.57","0","bK08U07B"
"99942 Apophis (2004 MN4)","2077-04-13.45","0.40","< 1.e-04","0.000","1.004","4.56e+6","1.8e-7","1.152e+03","-4.57","0","a0099942"
"(2007 FT3)","2091-10-04.03","54.11","4.61e+1","1.153","-0.61852","4.38e+4","1.0e-7","2.685e+03","-4.59","0","bK07F03T"
"(2010 AU118)","2052-10-19.90","160.58","4.90e+2","0.326","-0.59175","1.74e+6","4.7e-10","9.174e+05","-4.59","0","bK10AB8U"
"(2010 AU118)","2051-10-21.10","57.41","5.49e+2","0.103","-0.54965","1.73e+6","4.5e-10","9.062e+05","-4.60","0","bK10AB8U"
"(2010 AU118)","2075-10-20.97","30.82","4.68e+2","0.064","-0.56830","1.24e+6","7.3e-10","9.110e+05","-4.61","0","bK10AB8U"
"410777 (2009 FD)","2196-03-29.44","0.52","< 1.e-04","0.000","1.164","1.53e+5","2.4e-6","1.447e+02","-4.62","","a0410777"
"(2010 AU118)","2056-10-20.45","97.40","5.43e+2","0.178","-0.54234","1.64e+6","4.8e-10","9.044e+05","-4.63","0","bK10AB8U"
"(2008 UB7)","2063-11-01.40","0.30","1.80e-3","0.000","-1.57383","6.09e+4","3.6e-6","1.454e+01","-4.66","0","bK08U07B"
"(2016 WN55)","2026-09-13.26","84.85","1.32e+2","0.636","-0.51121","4.12e+5","6.6e-9","5.211e+03","-4.66","0","bK16W55N"
"101955 Bennu (1999 RQ36)","2195-09-25.27","0.29","< 1.e-04","0.000","0.960","2.23e+6","4.2e-7","1.152e+03","-4.67","","a0101955"
"(2014 MV67)","2018-03-22.29","123.48","7.07e+1","1.733","0.19467","2.78e+6","5.4e-10","6.403e+03","-4.68","0","bK14M67V"
"99942 Apophis (2004 MN4)","2060-04-12.55","0.64","< 1.e-04","0.000","0.872","6.60e+6","1.0e-7","1.152e+03","-4.68","0","a0099942"
"(2008 FF5)","2060-03-27.75","0.02","5.56e-3","0.000","0.62197","1.36e+6","4.8e-7","1.432e+02","-4.70","0","bK08F05F"
"(2010 AU118)","2065-10-20.28","110.10","4.83e+2","0.226","-0.58360","1.77e+6","4.8e-10","9.146e+05","-4.71","0","bK10AB8U"
"(2015 ME131)","2020-08-18.34","33.56","6.25e+2","0.052","0.75061","5.23e+5","1.2e-9","1.066e+04","-4.72","0","bK15MD1E"
"(2007 FT3)","2040-10-02.83","69.03","4.80e+1","1.417","-0.89972","1.05e+5","2.4e-8","2.737e+03","-4.73","0","bK07F03T"
"101955 Bennu (1999 RQ36)","2190-09-25.46","0.27","< 1.e-04","0.000","-1.393","1.61e+6","3.5e-7","1.152e+03","-4.73","","a0101955"
"(2010 AU118)","2102-10-21.63","98.83","5.57e+2","0.176","-0.58440","9.39e+5","7.9e-10","9.147e+05","-4.74","0","bK10AB8U"
"101955 Bennu (1999 RQ36)","2199-09-25.11","0.24","< 1.e-04","0.000","-1.813","8.34e+5","3.5e-7","1.150e+03","-4.75","","a0101955"
"101955 Bennu (1999 RQ36)","2192-09-24.41","0.01","< 1.e-04","0.000","-2.209","4.44e+5","3.3e-7","1.152e+03","-4.76","","a0101955"
"(2008 UV99)","2047-03-29.98","7.75","1.53e+1","0.442","0.50882","1.23e+6","2.1e-8","3.847e+03","-4.77","0","bK08U99V"
"(2016 NL56)","2022-09-08.91","77.39","3.03e+2","0.252","-0.28763","9.28e+4","1.6e-8","6.071e+02","-4.77","0","bK16N56L"
"(2010 AU118)","2071-10-21.40","176.52","5.45e+2","0.322","-0.52858","1.60e+6","4.7e-10","9.010e+05","-4.77","0","bK10AB8U"
"(2008 UV99)","2058-03-29.84","1.94","1.28e+1","0.074","0.51125","1.25e+6","2.7e-8","3.874e+03","-4.78","0","bK08U99V"
"(2016 NL56)","2026-06-05.83","190.87","1.25e+3","0.152","0.10177","1.04e+6","3.8e-10","1.246e+05","-4.78","0","bK16N56L"
"(2010 AU118)","2068-10-19.93","169.19","4.68e+2","0.360","-0.59432","1.92e+6","4.4e-10","9.176e+05","-4.78","0","bK10AB8U"
"(2010 AU118)","2064-10-20.37","56.54","5.40e+2","0.103","-0.55117","1.96e+6","4.0e-10","9.068e+05","-4.78","0","bK10AB8U"
"(2016 WN55)","2027-09-12.74","78.08","1.40e+2","0.550","-0.54326","5.11e+5","5.1e-9","5.599e+03","-4.79","0","bK16W55N"
"(2008 UB7)","2063-11-01.41","0.08","1.55e-3","0.000","-1.56509","8.97e+4","2.6e-6","1.454e+01","-4.80","0","bK08U07B"
"(2010 AU118)","2084-10-19.96","165.99","4.66e+2","0.354","-0.59575","1.60e+6","5.3e-10","9.174e+05","-4.81","0","bK10AB8U"
"(2007 FT3)","2041-10-03.37","35.12","4.79e+1","0.713","-0.61471","3.32e+5","2.0e-8","2.686e+03","-4.82","0","bK07F03T"
"101955 Bennu (1999 RQ36)","2198-09-24.88","0.00","< 1.e-04","0.000","-1.924","8.95e+5","3.0e-7","1.151e+03","-4.82","","a0101955"
"(2016 NL56)","2081-04-23.55","140.79","2.21e+2","0.632","0.01590","1.36e+5","1.4e-8","1.364e+04","-4.84","0","bK16N56L"
"(2010 AU118)","2033-10-20.40","19.60","6.78e+2","0.027","-0.56313","5.12e+6","1.2e-10","9.101e+05","-4.84","0","bK10AB8U"
"(2008 UB7)","2086-11-01.27","0.05","1.18e-2","0.000","1.87456","3.92e+4","3.5e-6","1.428e+01","-4.85","0","bK08U07B"
"(2010 AU118)","2076-10-19.94","167.98","4.71e+2","0.354","-0.59515","1.94e+6","4.3e-10","9.178e+05","-4.85","0","bK10AB8U"
"(2011 XC2)","2056-12-02.41","0.35","2.22e-3","0.000","-3.00594","1.24e+4","6.7e-7","5.519e+01","-4.86","0","bK11X02C"
"(2010 AU118)","2077-10-20.65","58.84","5.34e+2","0.108","-0.55210","1.84e+6","4.3e-10","9.068e+05","-4.86","0","bK10AB8U"
"(2010 AU118)","2066-10-21.08","154.21","5.62e+2","0.272","-0.53293","2.10e+6","3.5e-10","9.022e+05","-4.86","0","bK10AB8U"
"(2007 FT3)","2058-10-03.74","62.29","4.89e+1","1.252","-0.57902","1.27e+5","3.0e-8","2.678e+03","-4.87","0","bK07F03T"
"(2008 UV99)","2036-03-29.06","23.07","1.67e+1","1.324","0.50499","9.71e+5","1.0e-8","3.805e+03","-4.87","0","bK08U99V"
"(2010 AU118)","2112-10-21.76","183.42","7.28e+2","0.251","-0.53007","8.71e+5","6.6e-10","9.013e+05","-4.87","0","bK10AB8U"
"101955 Bennu (1999 RQ36)","2187-09-25.21","0.45","< 1.e-04","0.000","2.199","4.84e+5","2.4e-7","1.152e+03","-4.88","","a0101955"
"(2017 FO63)","2097-11-13.77","0.29","2.38e-2","0.000","0.05002","5.94e+5","1.3e-6","5.368e+01","-4.89","0","bK17F63O"
"101955 Bennu (1999 RQ36)","2199-09-24.98","0.09","< 1.e-04","0.000","-1.952","9.53e+5","2.6e-7","1.150e+03","-4.89","","a0101955"
"(2015 ME131)","2021-08-18.50","21.22","6.28e+2","0.032","0.74601","6.13e+5","9.9e-10","1.056e+04","-4.90","0","bK15MD1E"
"(2015 RN35)","2086-12-16.27","0.77","9.11e-3","0.000","0.65604","1.42e+5","2.9e-6","1.580e+01","-4.90","0","bK15R35N"
"(2007 FT3)","2056-10-02.85","72.23","4.93e+1","1.446","-0.91453","8.82e+4","2.6e-8","2.740e+03","-4.91","0","bK07F03T"
"(2014 MO68)","2017-08-06.38","85.72","4.51e+1","1.880","-0.33098","8.80e+4","2.0e-8","8.812e+00","-4.95","0","bK14M68O"
"(2014 MV67)","2019-04-03.87","45.95","1.75e+2","0.257","0.21845","5.70e+6","4.7e-10","8.782e+03","-4.95","0","bK14M67V"
"(2007 FT3)","2046-10-03.47","23.37","4.82e+1","0.464","-0.78590","3.87e+5","1.8e-8","2.718e+03","-4.96","0","bK07F03T"
"(2010 AU118)","2084-10-20.63","155.66","5.51e+2","0.281","-0.53365","2.00e+6","3.8e-10","9.016e+05","-4.96","0","bK10AB8U"
"(2010 CA55)","2021-07-08.67","4.46","5.72e+0","0.606","-2.29231","3.26e+5","1.5e-8","2.841e+02","-4.97","0","bK10C55A"
"(2007 WP3)","2105-11-12.31","0.20","3.67e-3","0.000","-0.49576","2.13e+5","3.2e-6","1.423e+01","-4.99","0","bK07W03P"
"(2016 WN55)","2037-09-13.36","156.07","2.17e+2","0.714","-0.49727","2.33e+5","6.7e-9","5.057e+03","-5.00","0","bK16W55N"
"(2008 UB7)","2074-11-01.36","0.13","7.71e-2","0.000","0.84234","2.74e+5","2.0e-6","1.436e+01","-5.01","0","bK08U07B"
"(2008 UB7)","2074-11-01.36","0.34","7.48e-2","0.000","0.84182","2.60e+5","2.0e-6","1.436e+01","-5.01","0","bK08U07B"
"(2016 WN55)","2032-09-12.71","70.30","1.39e+2","0.500","-0.51459","5.73e+5","4.8e-9","5.253e+03","-5.01","0","bK16W55N"
"(2002 RB182)","2110-09-27.22","0.22","1.10e-1","0.000","0.49898","5.35e+5","1.3e-6","4.343e+01","-5.03","0","bK02RI2B"
"99942 Apophis (2004 MN4)","2105-04-13.77","0.92","< 1.e-04","0.000","1.005","3.33e+6","9.0e-8","1.151e+03","-5.03","0","a0099942"
"(1996 TC1)","2067-09-26.21","0.49","1.67e-1","0.000","-0.02743","5.36e+5","1.3e-6","1.920e+01","-5.05","0","bJ96T01C"
"(2006 CM10)","2092-08-12.48","0.17","3.05e-2","0.000","2.85473","6.31e+4","1.8e-7","3.567e+02","-5.05","0","bK06C10M"
"(2008 UB7)","2070-11-01.41","0.73","1.56e-2","0.000","-0.44007","2.93e+5","1.7e-6","1.444e+01","-5.05","0","bK08U07B"
"(2015 BS516)","2022-09-15.83","141.65","2.33e+2","0.602","-0.97437","3.47e+5","3.2e-9","2.120e+03","-5.05","0","bK15Bp6S"
"(2015 ME131)","2022-08-18.69","10.18","6.29e+2","0.015","0.74270","7.00e+5","8.7e-10","1.051e+04","-5.05","0","bK15MD1E"
"(2017 FB1)","2111-03-04.13","0.53","2.06e-1","0.000","0.99682","2.85e+5","1.4e-6","3.654e+01","-5.06","0","bK17F01B"
"(2002 RB182)","2108-10-12.15","0.23","2.13e-1","0.000","-0.30798","5.37e+5","1.3e-6","3.591e+01","-5.07","0","bK02RI2B"
"(2007 FT3)","2115-10-04.60","107.82","1.42e+2","0.752","-1.07170","3.54e+4","4.2e-8","2.769e+03","-5.09","0","bK07F03T"
"101955 Bennu (1999 RQ36)","2194-09-24.72","0.35","< 1.e-04","0.000","-2.141","9.19e+5","1.6e-7","1.151e+03","-5.09","","a0101955"
"(2010 AU118)","2075-10-20.96","34.93","5.52e+2","0.061","-0.56922","3.17e+6","2.4e-10","9.112e+05","-5.09","0","bK10AB8U"
"(2016 NL56)","2032-08-26.03","25.84","2.58e+1","0.963","-0.61523","1.62e+5","5.9e-8","1.737e+02","-5.10","0","bK16N56L"
"(2016 NL56)","2029-08-22.32","21.53","4.65e+1","0.441","-0.74745","1.16e+5","6.2e-8","1.233e+02","-5.10","0","bK16N56L"
"(2005 NX55)","2018-01-06.78","153.27","9.25e+1","1.646","-1.69282","1.91e+5","1.7e-9","3.300e+02","-5.10","0","bK05N55X"
"(2008 UB7)","2060-10-31.76","0.62","5.48e-3","0.000","2.20241","4.61e+4","1.2e-6","1.419e+01","-5.11","0","bK08U07B"
"(2006 JE)","2106-05-02.31","0.56","7.00e-2","0.000","-0.02978","4.34e+5","1.5e-6","2.584e+01","-5.12","0","bK06J00E"
"(2016 WN55)","2033-09-12.44","33.62","1.44e+2","0.227","-0.53463","7.61e+5","3.8e-9","5.484e+03","-5.12","0","bK16W55N"
"(2010 AU118)","2060-10-19.93","163.71","6.32e+2","0.258","-0.59329","3.80e+6","1.7e-10","9.173e+05","-5.12","0","bK10AB8U"
"101955 Bennu (1999 RQ36)","2198-09-24.93","0.88","< 1.e-04","0.000","1.701","1.01e+6","1.5e-7","1.152e+03","-5.13","","a0101955"
"(2010 AU118)","2084-10-19.97","164.15","4.73e+2","0.345","-0.59533","3.30e+6","2.5e-10","9.173e+05","-5.13","0","bK10AB8U"
"(2010 MY112)","2018-12-18.67","152.05","4.06e+2","0.372","-0.26227","1.15e+6","9.6e-10","1.704e+03","-5.14","0","bK10MB2Y"
"(2016 NL56)","2025-09-10.83","106.35","4.70e+2","0.224","-0.24192","1.14e+5","8.8e-9","7.895e+02","-5.14","0","bK16N56L"
"(2007 FT3)","2097-10-03.57","68.05","4.71e+1","1.424","-0.59732","1.01e+5","3.1e-8","2.682e+03","-5.15","0","bK07F03T"
"(2007 FT3)","2025-10-03.64","134.19","4.71e+1","2.826","-0.34668","5.39e+4","3.2e-9","2.637e+03","-5.16","0","bK07F03T"
"(2008 PK9)","2045-08-10.46","1.14","1.46e+0","0.095","-1.65835","3.45e+5","1.8e-7","7.771e+01","-5.16","0","bK08P09K"
"(2008 UB7)","2079-11-01.43","0.87","3.80e-3","0.000","-0.25771","2.43e+5","1.5e-6","1.442e+01","-5.16","0","bK08U07B"
"(2005 ED224)","2030-03-11.19","0.10","1.44e-2","0.000","1.96176","6.12e+5","1.9e-7","2.706e+01","-5.17","0","bK05EM4D"
"(2010 AU118)","2105-10-21.33","137.72","4.27e+2","0.320","-0.59020","3.10e+6","3.0e-10","9.163e+05","-5.18","0","bK10AB8U"
"(2015 ME131)","2023-08-18.89","2.61","6.31e+2","0.003","0.74020","7.84e+5","7.8e-10","1.046e+04","-5.18","0","bK15MD1E"
"(2007 KO4)","2046-11-23.92","4.33","3.13e+1","0.106","0.99633","1.90e+4","5.1e-7","2.110e+01","-5.18","0","bK07K04O"
"(2002 RB182)","2076-10-06.39","1.05","1.79e-1","0.296","-0.55862","1.84e+5","6.3e-7","3.842e+01","-5.19","0","bK02RI2B"
"(2011 VG9)","2086-11-01.73","0.22","2.06e-2","0.000","2.63333","1.39e+5","1.7e-7","2.347e+02","-5.19","0","bK11V09G"
"101955 Bennu (1999 RQ36)","2187-09-24.96","0.03","< 1.e-04","0.000","-2.284","1.04e+6","1.2e-7","1.152e+03","-5.19","","a0101955"
"(2010 AU118)","2093-10-20.60","11.57","6.02e+2","0.018","-0.56136","2.83e+6","2.5e-10","9.092e+05","-5.19","0","bK10AB8U"
"(2015 DA54)","2107-07-30.16","0.21","1.55e-2","0.000","2.45300","6.99e+5","5.5e-8","1.316e+03","-5.20","0","bK15D54A"
"410777 (2009 FD)","2192-03-29.51","0.81","< 1.e-04","0.000","1.253","4.53e+5","6.0e-7","1.447e+02","-5.22","","a0410777"
"(2005 CC37)","2117-01-13.66","0.92","1.42e-2","0.000","0.27813","2.68e+5","1.1e-6","3.019e+01","-5.23","0","bK05C37C"
"(2008 EX5)","2071-10-09.68","0.39","1.59e-2","0.000","-0.46930","3.61e+5","1.8e-6","7.287e+00","-5.26","0","bK08E05X"
"(2008 UB7)","2056-10-31.64","0.38","3.93e-3","0.000","0.85407","6.56e+5","7.8e-7","1.436e+01","-5.26","0","bK08U07B"
"(2010 AU118)","2105-10-21.87","123.93","6.77e+2","0.182","-0.54008","2.52e+6","2.5e-10","9.035e+05","-5.26","0","bK10AB8U"
"(2002 MN)","2071-06-15.66","0.48","9.82e-4","0.000","-1.12854","3.69e+5","1.0e-6","1.479e+01","-5.27","0","bK02M00N"
"(2006 QN111)","2079-08-16.47","0.44","1.52e-2","0.000","-1.84122","6.93e+4","1.9e-6","8.094e+00","-5.27","0","bK06QB1N"
"(2007 FT3)","2030-10-03.69","64.55","4.74e+1","1.341","-0.53047","9.10e+5","4.0e-9","2.671e+03","-5.27","0","bK07F03T"
"(2007 FT3)","2067-10-03.72","38.11","4.70e+1","0.790","-0.83834","3.77e+5","1.4e-8","2.727e+03","-5.28","0","bK07F03T"
"(2010 MA113)","2076-01-25.33","1.33","2.35e+0","0.141","1.83120","1.29e+5","3.0e-7","7.249e+01","-5.28","0","bK10MB3A"
"(2015 ME131)","2024-08-18.10","0.92","6.34e+2","0.000","0.73825","8.64e+5","7.0e-10","1.042e+04","-5.28","0","bK15MD1E"
"101955 Bennu (1999 RQ36)","2181-09-24.51","0.01","< 1.e-04","0.000","2.213","1.55e+6","9.4e-8","1.152e+03","-5.28","","a0101955"
"(1999 RZ31)","2056-09-05.11","0.24","7.87e-3","0.000","1.82694","1.06e+5","1.4e-6","6.379e+00","-5.29","0","bJ99R31Z"
"(2010 AU118)","2106-10-21.88","9.40","7.26e+2","0.012","-0.56263","2.48e+6","2.4e-10","9.092e+05","-5.29","0","bK10AB8U"
"(2009 BR5)","2078-07-19.27","0.69","6.67e-2","0.000","0.66506","2.71e+6","1.7e-7","1.545e+02","-5.29","0","bK09B05R"
"(2010 JA43)","2019-01-07.08","98.74","1.25e+2","0.783","-1.81922","1.58e+5","3.6e-9","2.252e+02","-5.29","0","bK10J43A"
"(2016 WN55)","2031-09-13.92","168.40","1.40e+2","1.196","-0.49355","6.21e+5","2.5e-9","5.012e+03","-5.29","0","bK16W55N"
"(2007 KO4)","2038-11-23.84","24.18","3.22e+1","0.720","0.84438","2.96e+4","2.8e-7","2.152e+01","-5.30","0","bK07K04O"
"(2002 RB182)","2088-10-08.02","0.07","1.94e-1","0.000","-0.48116","1.19e+6","5.8e-7","3.766e+01","-5.31","0","bK02RI2B"
"(2011 VG9)","2086-11-01.76","0.46","2.08e-2","0.000","2.68324","1.49e+5","1.3e-7","2.347e+02","-5.31","0","bK11V09G"
"(2012 ES10)","2059-03-05.45","0.64","1.57e-2","0.000","1.14774","7.15e+5","4.4e-7","2.696e+01","-5.31","0","bK12E10S"
"(2016 WG)","2101-06-24.42","0.64","4.66e-3","0.000","-0.67539","8.26e+5","5.9e-7","4.523e+01","-5.31","0","bK16W00G"
"(2011 VG9)","2112-11-03.27","0.82","1.11e-2","0.000","1.24515","1.21e+6","1.7e-7","2.337e+02","-5.32","0","bK11V09G"
"(2010 AU118)","2084-10-20.63","158.50","5.77e+2","0.273","-0.53321","4.30e+6","1.7e-10","9.015e+05","-5.32","0","bK10AB8U"
"(2001 CA21)","2060-02-22.15","34.21","1.71e+1","1.943","-1.60917","1.11e+6","9.9e-10","5.432e+04","-5.33","0","bK01C21A"
"(2007 FT3)","2034-10-03.10","143.27","5.24e+1","2.715","-1.07823","2.94e+4","4.3e-9","2.768e+03","-5.33","0","bK07F03T"
"(2008 UB7)","2079-11-01.41","0.24","1.55e-2","0.000","-0.25497","7.14e+5","1.0e-6","1.442e+01","-5.33","0","bK08U07B"
"(2015 RN35)","2092-12-11.30","0.42","7.08e-3","0.000","0.58340","5.21e+5","1.2e-6","1.579e+01","-5.33","0","bK15R35N"
"(2016 WN55)","2058-09-12.78","20.84","1.59e+2","0.125","-0.53317","4.62e+5","5.8e-9","5.472e+03","-5.34","0","bK16W55N"
"(2007 FT3)","2115-10-04.60","107.78","1.71e+2","0.624","-1.07158","5.63e+4","2.4e-8","2.768e+03","-5.34","0","bK07F03T"
"(2007 KO4)","2030-11-23.74","49.43","3.18e+1","1.521","0.64273","2.46e+4","1.6e-7","2.210e+01","-5.34","0","bK07K04O"
"(2011 VG9)","2104-11-03.86","0.91","< 1.e-04","0.000","-0.05724","2.20e+6","1.5e-7","2.309e+02","-5.35","0","bK11V09G"
"(2016 WG)","2101-06-24.42","0.64","4.63e-3","0.000","-0.67542","9.15e+5","5.3e-7","4.523e+01","-5.35","0","bK16W00G"
"(2017 GM7)","2056-06-19.68","11.57","3.34e+0","3.163","-1.68736","6.05e+4","1.7e-9","2.353e+04","-5.35","0","bK17G07M"
"(2007 FT3)","2035-10-03.62","50.25","4.76e+1","1.034","-0.82409","9.84e+5","4.4e-9","2.724e+03","-5.36","0","bK07F03T"
"(2008 UV99)","2081-03-29.36","21.32","1.69e+1","1.200","0.50282","1.02e+6","1.2e-8","3.779e+03","-5.36","0","bK08U99V"
"(2016 WG)","2076-06-23.30","0.28","4.72e-3","0.000","-1.37553","8.06e+5","3.7e-7","4.518e+01","-5.36","0","bK16W00G"
"(2016 NL56)","2058-08-25.26","15.84","2.30e+1","0.646","-0.66150","1.44e+5","9.4e-8","1.528e+02","-5.37","0","bK16N56L"
"(2001 CA21)","2073-10-12.70","31.52","2.03e+1","1.503","-1.25259","2.65e+6","1.3e-9","4.739e+04","-5.38","0","bK01C21A"
"(2007 FT3)","2058-10-03.77","74.90","4.75e+1","1.557","-0.53957","2.76e+5","9.5e-9","2.670e+03","-5.38","0","bK07F03T"
"(2007 FT3)","2042-10-03.87","117.94","4.78e+1","2.447","-0.39134","7.95e+4","5.8e-9","2.643e+03","-5.38","0","bK07F03T"
"(2013 WM)","2047-11-20.48","0.55","2.66e-2","0.000","2.63520","1.03e+5","2.0e-7","3.965e+01","-5.38","0","bK13W00M"
"(2015 ME131)","2025-08-18.33","5.05","6.36e+2","0.006","0.73669","9.39e+5","6.4e-10","1.040e+04","-5.38","0","bK15MD1E"
"(2008 PK9)","2049-08-10.48","1.93","1.03e+0","0.901","-1.42217","3.09e+5","1.3e-7","7.550e+01","-5.39","0","bK08P09K"
"410777 (2009 FD)","2191-03-30.21","0.79","< 1.e-04","0.000","1.225","7.19e+5","4.0e-7","1.446e+02","-5.39","","a0410777"
"(2016 WG)","2076-06-23.29","0.44","4.39e-3","0.000","0.12010","2.07e+6","3.4e-7","4.500e+01","-5.39","0","bK16W00G"
"(2016 WN55)","2034-09-12.29","123.48","1.46e+2","0.840","-0.55236","9.81e+5","2.1e-9","5.712e+03","-5.39","0","bK16W55N"
"(2010 AU118)","2071-10-21.42","185.38","6.57e+2","0.281","-0.52687","5.49e+6","1.2e-10","9.006e+05","-5.39","0","bK10AB8U"
"(2016 WG)","2076-06-23.30","0.32","4.03e-3","0.000","-1.37537","8.76e+5","3.3e-7","4.518e+01","-5.40","0","bK16W00G"
"(2017 GM7)","2071-06-20.30","8.97","4.06e+0","1.965","-3.02981","5.45e+4","2.1e-9","2.394e+04","-5.40","0","bK17G07M"
"(2007 FT3)","2058-10-03.68","45.26","4.66e+1","0.950","-0.60239","6.32e+5","8.8e-9","2.682e+03","-5.41","0","bK07F03T"
"(2010 JA43)","2018-01-08.16","157.24","1.57e+2","0.993","-1.59462","5.29e+5","1.0e-9","2.624e+02","-5.41","0","bK10J43A"
"(2002 RB182)","2104-10-10.80","0.13","1.27e-1","0.000","-0.08625","1.35e+6","5.8e-7","3.632e+01","-5.41","0","bK02RI2B"
"(2011 VG9)","2112-11-03.54","0.37","2.22e-2","0.000","0.90552","3.51e+6","1.4e-7","2.326e+02","-5.42","0","bK11V09G"
"(2016 NL56)","2036-08-17.87","19.32","9.11e+0","2.012","-0.91535","6.04e+4","6.2e-8","8.566e+01","-5.42","0","bK16N56L"
"(2015 BS516)","2027-09-17.07","8.81","2.18e+2","0.036","-0.94452","5.79e+5","2.5e-9","2.117e+03","-5.43","0","bK15Bp6S"
"(2007 KO4)","2060-11-23.26","61.67","2.87e+1","2.112","0.51234","3.79e+3","4.0e-7","2.248e+01","-5.43","0","bK07K04O"
"(2010 AU118)","2094-10-21.22","183.70","5.38e+2","0.339","-0.52822","5.24e+6","1.5e-10","9.007e+05","-5.44","0","bK10AB8U"
"(2011 BT59)","2091-04-12.08","4.41","1.75e+0","1.946","-1.39056","4.46e+5","1.2e-8","3.243e+03","-5.44","0","bK11B59T"
"(2004 ME6)","2017-07-08.36","101.58","5.90e+1","1.704","-1.72777","5.28e+5","8.2e-10","7.235e+01","-5.45","0","bK04M06E"
"(2008 EX5)","2072-10-08.89","0.45","1.63e-2","0.000","-1.57605","1.70e+5","1.2e-6","7.280e+00","-5.45","0","bK08E05X"
"(2002 RB182)","2104-10-10.80","0.26","2.26e-1","0.000","-0.08642","1.43e+6","5.2e-7","3.633e+01","-5.46","0","bK02RI2B"
"(2015 RN35)","2099-12-13.15","0.93","9.47e-3","0.000","0.00198","3.06e+5","9.4e-7","1.578e+01","-5.46","0","bK15R35N"
"(2015 ME131)","2026-08-18.55","8.82","6.39e+2","0.012","0.73543","1.01e+6","6.0e-10","1.037e+04","-5.46","0","bK15MD1E"
"(2016 NL56)","2028-09-12.00","129.33","6.72e+2","0.191","-0.21225","1.45e+5","4.9e-9","9.560e+02","-5.46","0","bK16N56L"
"(2007 FT3)","2097-10-03.56","65.81","4.61e+1","1.404","-0.59980","2.22e+5","1.5e-8","2.682e+03","-5.47","0","bK07F03T"
"(2015 HV182)","2018-02-26.39","144.78","1.75e+2","0.822","0.09600","4.29e+6","4.7e-10","7.144e+02","-5.47","0","bK15HI2V"
"(2007 FT3)","2056-10-02.88","62.86","4.77e+1","1.298","-0.90399","4.22e+5","6.9e-9","2.739e+03","-5.48","0","bK07F03T"
"(2016 WG)","2076-06-23.31","0.35","3.80e-3","0.000","0.13630","2.66e+6","2.8e-7","4.500e+01","-5.48","0","bK16W00G"
"(2016 NL56)","2065-08-22.03","9.39","4.50e+0","1.863","-0.76870","8.91e+4","1.1e-7","1.175e+02","-5.48","0","bK16N56L"
"(2007 KO4)","2060-11-23.27","61.27","3.22e+1","1.871","0.51548","6.24e+3","3.6e-7","2.247e+01","-5.48","0","bK07K04O"
"(2002 RB182)","2088-10-07.54","0.27","1.77e-1","0.000","-0.35597","1.87e+6","3.8e-7","3.774e+01","-5.49","0","bK02RI2B"
"(2010 MA113)","2075-01-25.11","2.77","2.51e+0","0.703","1.83661","1.28e+5","1.8e-7","7.129e+01","-5.49","0","bK10MB3A"
"(2016 WN55)","2058-09-12.77","23.46","1.38e+2","0.162","-0.53373","7.52e+5","4.1e-9","5.480e+03","-5.49","0","bK16W55N"
"101955 Bennu (1999 RQ36)","2196-09-24.27","0.64","< 1.e-04","0.000","3.822","1.20e+4","6.1e-8","1.152e+03","-5.50","","a0101955"
"101955 Bennu (1999 RQ36)","2193-09-24.63","0.66","< 1.e-04","0.000","-2.519","7.38e+5","6.0e-8","1.151e+03","-5.50","","a0101955"
"(2005 ED224)","2064-03-10.38","0.59","3.51e-2","0.000","0.81899","1.23e+6","3.7e-7","2.175e+01","-5.51","0","bK05EM4D"
"(2008 UV99)","2097-03-29.65","2.21","1.75e+1","0.069","0.50972","2.47e+6","1.0e-8","3.859e+03","-5.51","0","bK08U99V"
"(2014 NJ65)","2022-01-07.37","122.78","2.47e+3","0.049","-0.53421","2.57e+5","6.8e-10","3.203e+03","-5.51","0","bK14N65J"
"(2015 ME131)","2023-02-14.81","75.18","2.01e+3","0.037","0.75188","5.97e+5","3.2e-10","1.106e+04","-5.51","0","bK15MD1E"
"(2005 NX55)","2019-01-06.07","36.31","9.35e+1","0.378","-2.33274","2.30e+5","1.4e-9","3.678e+02","-5.51","0","bK05N55X"
"(2008 PK9)","2057-08-10.78","0.27","7.56e-1","0.000","2.27226","2.46e+5","1.6e-7","4.973e+01","-5.52","0","bK08P09K"
"(2016 WG)","2115-06-25.06","0.88","4.61e-3","0.000","1.47002","2.98e+5","4.3e-7","4.480e+01","-5.52","0","bK16W00G"
"(2004 GE2)","2106-05-03.08","0.22","3.66e-3","0.000","-3.16853","9.54e+4","5.3e-8","5.211e+02","-5.53","0","bK04G02E"
"(2007 FT3)","2099-10-03.74","54.00","5.37e+1","0.986","-0.90743","2.90e+5","1.3e-8","2.740e+03","-5.53","0","bK07F03T"
"(2015 ME131)","2035-08-18.72","29.20","6.51e+2","0.043","0.73001","5.86e+5","1.0e-9","1.027e+04","-5.53","0","bK15MD1E"
"(2015 ME131)","2027-08-18.79","11.44","6.40e+2","0.016","0.73438","1.06e+6","5.7e-10","1.035e+04","-5.53","0","bK15MD1E"
"(2015 ME131)","2026-02-14.50","71.44","8.72e+2","0.081","0.74308","9.57e+5","4.6e-10","1.094e+04","-5.53","0","bK15MD1E"
"(2013 WM)","2105-11-20.29","0.50","2.15e-2","0.000","-0.41037","1.52e+6","4.2e-7","3.756e+01","-5.54","0","bK13W00M"
"(2016 WG)","2076-06-22.98","0.77","4.71e-3","0.000","0.03044","2.09e+6","2.4e-7","4.499e+01","-5.54","0","bK16W00G"
"(2016 WN55)","2046-09-12.65","51.24","1.49e+2","0.336","-0.53962","1.05e+6","2.6e-9","5.554e+03","-5.54","0","bK16W55N"
"(2007 FT3)","2095-10-03.87","6.48","4.85e+1","0.113","-0.77999","6.29e+5","1.2e-8","2.717e+03","-5.55","0","bK07F03T"
"(2007 WP3)","2105-11-12.31","0.04","4.81e-3","0.000","0.90522","5.90e+5","9.0e-7","1.425e+01","-5.55","0","bK07W03P"
"(2015 ME131)","2029-02-14.26","173.22","9.14e+2","0.188","0.73867","6.99e+5","5.9e-10","1.090e+04","-5.55","0","bK15MD1E"
"(2007 FT3)","2040-10-02.89","45.76","4.77e+1","0.939","-0.83124","1.36e+6","3.4e-9","2.724e+03","-5.56","0","bK07F03T"
"(2008 UV99)","2092-03-29.30","4.71","6.99e+0","0.531","0.50749","6.17e+6","8.2e-9","3.833e+03","-5.57","0","bK08U99V"
"(2010 AU118)","2096-10-20.29","22.24","4.36e+2","0.049","-0.56865","8.84e+6","1.1e-10","9.108e+05","-5.57","0","bK10AB8U"
"(2016 WN55)","2049-09-13.19","112.95","1.45e+2","0.774","-0.50771","7.96e+5","2.8e-9","5.167e+03","-5.57","0","bK16W55N"
"(2017 GM7)","2098-06-20.54","7.95","4.54e+0","1.531","2.04407","1.37e+6","2.2e-9","2.252e+04","-5.57","0","bK17G07M"
"(2002 MN)","2074-06-16.68","0.14","1.96e-3","0.000","-1.31881","6.34e+5","5.2e-7","1.499e+01","-5.58","0","bK02M00N"
"101955 Bennu (1999 RQ36)","2187-09-24.94","0.13","< 1.e-04","0.000","-2.744","7.52e+5","4.9e-8","1.152e+03","-5.58","","a0101955"
"(2016 WN55)","2039-09-13.07","4.18","1.42e+2","0.022","-0.53086","1.70e+6","1.8e-9","5.444e+03","-5.58","0","bK16W55N"
"(2016 NL56)","2041-09-01.92","38.48","7.53e+1","0.498","-0.43516","2.73e+5","1.9e-8","3.116e+02","-5.58","0","bK16N56L"
"(2000 WJ107)","2114-11-19.99","0.18","1.11e-2","0.000","0.17883","1.33e+6","5.8e-7","2.444e+01","-5.59","0","bK00WA7J"
"(2002 RB182)","2076-10-06.41","1.14","1.81e-1","0.770","-0.57862","2.38e+5","2.5e-7","3.841e+01","-5.59","0","bK02RI2B"
"(2005 WG57)","2029-08-21.18","0.35","7.61e-3","0.000","-2.91372","6.61e+4","1.6e-7","9.128e+00","-5.59","0","bK05W57G"
"(2008 UB7)","2075-11-01.60","0.21","< 1.e-04","0.000","-0.26314","1.42e+6","5.3e-7","1.447e+01","-5.59","0","bK08U07B"
"(2007 FT3)","2105-10-04.30","37.62","4.93e+1","0.742","-0.87894","4.19e+5","1.2e-8","2.734e+03","-5.59","0","bK07F03T"
"(2015 ME131)","2028-08-18.03","14.98","6.40e+2","0.022","0.73349","1.12e+6","5.4e-10","1.034e+04","-5.59","0","bK15MD1E"
"(2015 YV20)","2020-05-10.74","140.30","9.36e+1","1.488","-0.31503","1.32e+5","1.3e-8","3.920e+01","-5.59","0","bK15Y20V"
"101955 Bennu (1999 RQ36)","2190-09-24.79","0.08","< 1.e-04","0.000","3.737","3.19e+4","4.9e-8","1.151e+03","-5.59","","a0101955"
"(2007 KO4)","2046-11-23.94","3.65","3.56e+1","0.074","1.06590","3.96e+4","2.0e-7","2.091e+01","-5.59","0","bK07K04O"
"(2017 GM7)","2084-06-20.20","7.84","3.71e+0","1.845","3.07690","7.65e+4","1.7e-9","2.220e+04","-5.59","0","bK17G07M"
"(2007 FT3)","2080-10-03.22","43.50","4.88e+1","0.871","-0.62937","6.47e+5","8.7e-9","2.687e+03","-5.60","0","bK07F03T"
"(2007 WP3)","2105-11-12.31","0.78","4.59e-3","0.000","2.60488","2.10e+4","8.0e-7","1.428e+01","-5.60","0","bK07W03P"
"(2008 EX5)","2062-10-09.49","0.14","1.62e-2","0.000","-0.65125","9.03e+5","7.1e-7","7.287e+00","-5.60","0","bK08E05X"
"(2008 UV99)","2075-03-29.94","12.91","1.90e+1","0.627","0.50578","3.17e+6","5.8e-9","3.812e+03","-5.61","0","bK08U99V"
"(2016 WN55)","2047-09-12.70","99.23","1.51e+2","0.649","-0.54935","1.03e+6","2.2e-9","5.672e+03","-5.61","0","bK16W55N"
"(2016 WN55)","2041-09-11.99","140.88","1.51e+2","0.925","-0.55607","1.03e+6","1.8e-9","5.757e+03","-5.61","0","bK16W55N"
"(2007 FT3)","2095-10-03.80","29.65","4.74e+1","0.604","-0.82115","6.09e+5","1.0e-8","2.725e+03","-5.62","0","bK07F03T"
"(2008 UV99)","2025-03-28.98","51.28","1.82e+1","2.758","0.49652","5.85e+5","8.0e-10","3.708e+03","-5.62","0","bK08U99V"
"(2016 NL56)","2038-08-31.36","30.50","4.24e+1","0.696","-0.48064","4.52e+5","1.8e-8","2.644e+02","-5.62","0","bK16N56L"
"(2015 HV182)","2018-06-22.78","20.55","1.80e+2","0.108","-0.33312","1.32e+6","2.0e-9","1.142e+02","-5.62","0","bK15HI2V"
"(2007 FT3)","2083-10-03.76","36.15","4.70e+1","0.748","-0.83574","6.75e+5","8.3e-9","2.725e+03","-5.63","0","bK07F03T"
"(2008 UB7)","2059-11-01.62","0.12","1.13e-2","0.000","-2.86975","3.68e+4","3.5e-7","1.469e+01","-5.63","0","bK08U07B"
"(2010 WC9)","2086-05-15.85","0.29","3.79e-1","0.000","-1.94189","1.83e+5","5.7e-7","1.451e+01","-5.63","0","bK10W09C"
"101955 Bennu (1999 RQ36)","2196-09-24.21","0.05","< 1.e-04","0.000","3.772","2.97e+4","4.5e-8","1.152e+03","-5.63","","a0101955"
"(2016 WN55)","2043-09-13.72","124.80","1.40e+2","0.884","-0.50390","1.06e+6","2.0e-9","5.129e+03","-5.63","0","bK16W55N"
"(2016 NL56)","2043-06-11.26","159.19","1.44e+3","0.110","0.10923","2.74e+6","1.3e-10","1.603e+05","-5.63","0","bK16N56L"
"(2016 NL56)","2040-06-12.06","144.89","1.41e+3","0.102","0.11146","3.33e+6","1.1e-10","1.730e+05","-5.63","0","bK16N56L"
"(2014 MV67)","2022-03-22.46","109.85","5.98e+1","1.820","0.19264","4.88e+6","3.1e-10","6.354e+03","-5.64","0","bK14M67V"
"(2015 ME131)","2029-08-18.27","17.17","6.41e+2","0.025","0.73274","1.15e+6","5.2e-10","1.032e+04","-5.64","0","bK15MD1E"
"(2015 ME131)","2024-02-15.05","10.21","1.93e+3","0.005","0.74880","7.21e+5","2.7e-10","1.103e+04","-5.64","0","bK15MD1E"
"(2016 NL56)","2024-02-14.12","58.42","3.59e+2","0.160","-0.85767","7.87e+4","1.2e-8","9.647e+01","-5.65","0","bK16N56L"
"(2005 NX55)","2021-01-06.04","56.11","9.29e+1","0.593","-2.00845","2.59e+5","2.3e-9","3.478e+02","-5.65","0","bK05N55X"
"(2012 ES10)","2058-03-05.28","0.79","1.59e-2","0.000","-2.00967","3.33e+5","2.0e-7","2.621e+01","-5.66","0","bK12E10S"
"(2015 ME131)","2026-02-14.50","89.26","2.51e+3","0.035","0.74344","4.45e+5","3.4e-10","1.095e+04","-5.66","0","bK15MD1E"
"(2002 RB182)","2076-10-06.51","0.68","1.69e-1","0.000","-0.64502","2.16e+6","2.1e-7","3.850e+01","-5.67","0","bK02RI2B"
"(2010 CR5)","2075-12-17.24","5.19","5.87e+0","0.714","2.30255","1.01e+6","4.0e-9","5.050e+03","-5.68","0","bK10C05R"
"(2015 ME131)","2030-08-18.50","20.49","6.41e+2","0.030","0.73210","1.17e+6","5.1e-10","1.031e+04","-5.68","0","bK15MD1E"
"(2016 NL56)","2070-08-16.63","6.55","5.79e+0","0.957","-1.00769","2.47e+5","1.1e-7","7.169e+01","-5.68","0","bK16N56L"
"(2016 NL56)","2057-08-31.00","27.24","3.65e+1","0.719","-0.48456","3.10e+5","2.9e-8","2.607e+02","-5.68","0","bK16N56L"
"(2016 NL56)","2040-08-12.90","16.56","1.88e+1","0.828","-1.18530","1.43e+5","6.1e-8","5.300e+01","-5.68","0","bK16N56L"
"(2016 NL56)","2031-09-13.75","150.61","8.94e+2","0.167","-0.19022","1.63e+5","3.3e-9","1.117e+03","-5.68","0","bK16N56L"
"(2002 MN)","2109-06-15.88","0.56","1.70e-3","0.000","-1.44585","3.56e+5","6.5e-7","1.468e+01","-5.69","0","bK02M00N"
"410777 (2009 FD)","2191-03-30.30","0.47","< 1.e-04","0.000","0.566","3.14e+6","2.0e-7","1.447e+02","-5.69","","a0410777"
"(2016 WG)","2101-06-24.08","0.66","4.28e-3","0.000","0.90263","1.61e+6","2.5e-7","4.509e+01","-5.69","0","bK16W00G"
"(2016 WG)","2088-06-23.29","0.42","4.50e-3","0.000","1.99727","4.69e+5","2.1e-7","4.479e+01","-5.69","0","bK16W00G"
"(2007 FT3)","2099-10-03.74","52.67","4.32e+1","1.195","-0.90621","4.13e+5","8.9e-9","2.740e+03","-5.70","0","bK07F03T"
"(2008 UB7)","2056-10-31.69","0.81","< 1.e-04","0.000","-0.22382","1.61e+6","2.8e-7","1.447e+01","-5.70","0","bK08U07B"
"(2008 UV99)","2082-03-29.33","46.87","2.92e+1","1.570","0.49492","7.71e+5","5.5e-9","3.691e+03","-5.70","0","bK08U99V"
"(2007 FT3)","2105-10-04.29","39.47","4.76e+1","0.808","-0.88895","5.29e+5","9.5e-9","2.736e+03","-5.70","0","bK07F03T"
"(2017 FB1)","2111-03-04.13","0.69","2.08e-1","0.000","0.99326","1.01e+6","3.2e-7","3.652e+01","-5.70","0","bK17F01B"
"(2015 ME131)","2034-08-18.47","28.89","6.48e+2","0.043","0.73029","9.33e+5","6.4e-10","1.028e+04","-5.70","0","bK15MD1E"
"(2015 RN35)","2079-12-16.04","0.42","7.86e-3","0.000","-0.78783","1.30e+6","4.1e-7","1.579e+01","-5.70","0","bK15R35N"
"(2007 FT3)","2084-10-03.09","7.71","4.92e+1","0.136","-0.77699","1.05e+6","7.1e-9","2.716e+03","-5.71","0","bK07F03T"
"(2007 WP3)","2098-11-11.51","0.50","3.93e-3","0.000","-0.56571","1.04e+6","5.7e-7","1.424e+01","-5.71","0","bK07W03P"
"(2008 EX5)","2068-10-08.98","0.49","1.52e-2","0.000","-0.64028","9.08e+5","6.2e-7","7.272e+00","-5.71","0","bK08E05X"
"(2015 ME131)","2031-08-18.74","23.46","6.43e+2","0.035","0.73154","1.17e+6","5.1e-10","1.031e+04","-5.71","0","bK15MD1E"
"410777 (2009 FD)","2198-03-29.99","0.43","< 1.e-04","0.000","0.564","3.19e+6","2.0e-7","1.449e+02","-5.71","","a0410777"
"(2017 FO128)","2109-03-16.01","0.64","1.57e-2","0.000","-1.18204","1.88e+6","1.6e-7","7.564e+01","-5.72","0","bK17FC8O"
"(2008 UV99)","2024-03-30.10","85.50","3.21e+1","2.634","0.53485","7.67e+5","5.1e-10","4.165e+03","-5.72","0","bK08U99V"
"(2016 WN55)","2063-09-13.28","23.72","1.46e+2","0.156","-0.52741","1.07e+6","2.7e-9","5.397e+03","-5.72","0","bK16W55N"
"(2017 GM7)","2103-06-21.17","5.70","4.32e+0","1.087","-2.77842","6.67e+5","1.5e-9","2.398e+04","-5.72","0","bK17G07M"
"(2016 NL56)","2077-08-15.80","1.65","1.89e+1","0.035","-1.04820","1.28e+5","1.2e-7","6.678e+01","-5.73","0","bK16N56L"
"(2007 FT3)","2084-10-03.03","27.18","4.74e+1","0.553","-0.81548","9.67e+5","6.6e-9","2.724e+03","-5.74","0","bK07F03T"
"(2000 WJ107)","2114-11-19.98","0.37","1.11e-2","0.000","-1.08428","1.00e+6","4.1e-7","2.430e+01","-5.74","0","bK00WA7J"
"(2017 FO128)","2109-03-15.99","0.70","< 1.e-04","0.000","0.38568","3.35e+6","1.6e-7","7.615e+01","-5.74","0","bK17FC8O"
"(2015 ME131)","2035-08-18.72","29.19","6.51e+2","0.043","0.73013","9.55e+5","6.2e-10","1.028e+04","-5.74","0","bK15MD1E"
"(2015 ME131)","2033-08-18.23","26.35","6.46e+2","0.039","0.73065","1.08e+6","5.5e-10","1.029e+04","-5.74","0","bK15MD1E"
"(2015 ME131)","2032-08-17.99","24.12","6.45e+2","0.036","0.73107","1.15e+6","5.2e-10","1.029e+04","-5.74","0","bK15MD1E"
"(2016 NL56)","2021-02-13.16","182.86","2.98e+2","0.611","-1.49928","3.53e+4","1.2e-8","3.389e+01","-5.74","0","bK16N56L"
"(2016 WN55)","2069-09-12.83","31.45","1.46e+2","0.209","-0.52669","1.01e+6","2.9e-9","5.391e+03","-5.75","0","bK16W55N"
"(2017 FO128)","2104-03-15.82","0.72","1.22e-2","0.000","-2.71250","9.60e+4","1.5e-7","7.517e+01","-5.75","0","bK17FC8O"
"(2007 FT3)","2084-10-03.03","27.57","4.64e+1","0.573","-0.81981","1.03e+6","6.2e-9","2.725e+03","-5.76","0","bK07F03T"
"(2012 ES10)","2059-03-05.44","0.07","1.57e-2","0.000","1.13761","2.67e+6","1.6e-7","2.696e+01","-5.76","0","bK12E10S"
"(2014 MV67)","2025-03-26.22","97.02","9.15e+1","1.050","0.22462","9.68e+6","3.1e-10","7.931e+03","-5.76","0","bK14M67V"
"(2015 BS516)","2032-09-16.76","75.03","2.10e+2","0.352","-0.93168","8.18e+5","1.8e-9","2.115e+03","-5.76","0","bK15Bp6S"
"(2016 WN55)","2057-09-12.76","20.32","1.45e+2","0.133","-0.52810","1.36e+6","2.2e-9","5.407e+03","-5.76","0","bK16W55N"
"(2016 NL56)","2033-08-14.55","17.80","8.87e+0","1.893","-1.10115","1.28e+5","3.2e-8","6.093e+01","-5.76","0","bK16N56L"
"(2016 WN55)","2051-09-13.24","18.27","1.45e+2","0.119","-0.52880","1.64e+6","1.8e-9","5.422e+03","-5.77","0","bK16W55N"
"(2016 NL56)","2063-09-01.63","23.40","2.68e+1","0.835","-0.46611","4.35e+5","2.6e-8","2.778e+02","-5.77","0","bK16N56L"
"(2015 HV182)","2019-10-09.96","93.49","2.82e+2","0.328","-0.03398","5.83e+5","2.9e-9","1.129e+02","-5.78","0","bK15HI2V"
"(2007 FT3)","2062-10-03.51","15.88","4.67e+1","0.318","-0.79366","1.83e+6","4.0e-9","2.719e+03","-5.78","0","bK07F03T"
"(2016 WN55)","2075-09-12.63","130.79","1.55e+2","0.838","-0.55750","6.80e+5","2.8e-9","5.785e+03","-5.78","0","bK16W55N"
"(2016 WN55)","2045-09-12.71","13.63","1.46e+2","0.086","-0.52963","2.03e+6","1.5e-9","5.431e+03","-5.78","0","bK16W55N"
"(2016 NL56)","2027-02-15.25","149.94","3.74e+2","0.399","-0.65370","1.15e+5","8.6e-9","1.563e+02","-5.78","0","bK16N56L"
"(2015 HV182)","2017-09-18.14","7.51","1.05e+3","0.006","0.08979","3.72e+6","1.3e-10","6.464e+02","-5.78","0","bK15HI2V"
"(2008 UV99)","2090-03-30.13","24.45","3.34e+1","0.702","0.51693","2.18e+6","4.6e-9","3.944e+03","-5.80","0","bK08U99V"
"(2010 JA43)","2023-01-07.55","15.31","1.33e+2","0.108","-1.74274","2.36e+5","3.5e-9","2.371e+02","-5.80","0","bK10J43A"
"(2011 BT59)","2091-04-12.10","4.67","1.75e+0","2.099","-1.39791","6.90e+5","5.5e-9","3.242e+03","-5.80","0","bK11B59T"
"(2016 NL56)","2051-08-29.27","25.04","1.17e+1","2.061","-0.54418","1.65e+5","2.2e-8","2.143e+02","-5.80","0","bK16N56L"
"(2007 FT3)","2050-10-03.17","125.02","5.29e+1","2.345","-1.07320","1.20e+5","2.7e-9","2.767e+03","-5.81","0","bK07F03T"
"(2010 MY112)","2022-12-18.70","64.83","4.09e+2","0.156","-0.25759","1.69e+6","6.9e-10","1.690e+03","-5.81","0","bK10MB2Y"
"101955 Bennu (1999 RQ36)","2197-09-24.80","0.01","< 1.e-04","0.000","-2.883","8.62e+5","3.1e-8","1.151e+03","-5.81","","a0101955"
"(2016 WG)","2091-06-23.35","0.34","4.81e-3","0.000","-0.46307","4.11e+6","1.6e-7","4.500e+01","-5.81","0","bK16W00G"
"(2016 NL56)","2050-08-15.01","13.75","1.25e+1","1.024","-1.08961","2.06e+5","5.7e-8","6.209e+01","-5.81","0","bK16N56L"
"(2015 HV182)","2019-02-07.14","159.23","1.80e+2","0.880","0.03572","2.03e+6","9.2e-10","2.862e+02","-5.81","0","bK15HI2V"
"(2010 CR5)","2062-01-01.06","3.93","1.40e+0","2.093","-0.38641","4.82e+6","2.0e-9","5.903e+03","-5.82","0","bK10C05R"
"(2016 NL56)","2034-09-14.42","173.48","1.15e+3","0.150","-0.17002","1.66e+5","2.6e-9","1.304e+03","-5.82","0","bK16N56L"
"(2017 GM7)","2103-06-21.16","4.47","4.44e+0","0.783","-2.88859","8.55e+5","1.2e-9","2.401e+04","-5.82","0","bK17G07M"
"(2017 FO63)","2088-11-13.74","0.44","9.62e-3","0.000","-1.95990","1.03e+6","1.3e-7","5.524e+01","-5.83","0","bK17F63O"
"(2017 FO63)","2088-11-13.74","0.28","4.23e-2","0.000","-1.95979","1.09e+6","1.3e-7","5.524e+01","-5.83","0","bK17F63O"
"(2015 ME131)","2030-08-20.01","185.76","5.95e+2","0.311","0.80393","1.79e+6","3.3e-10","1.181e+04","-5.83","0","bK15MD1E"
"(2017 FB1)","2109-03-04.16","0.12","2.36e-1","0.000","1.67043","8.71e+5","2.2e-7","3.761e+01","-5.84","0","bK17F01B"
"(2016 WN55)","2048-09-11.75","145.80","1.50e+2","0.962","-0.55866","1.32e+6","1.3e-9","5.799e+03","-5.84","0","bK16W55N"
"(2010 CA55)","2034-07-08.97","5.77","5.25e+0","0.908","-2.28896","5.03e+5","7.9e-9","2.847e+02","-5.85","0","bK10C55A"
"(2010 WC9)","2077-05-15.52","1.50","6.17e-1","0.802","0.21803","3.73e+5","2.9e-7","1.528e+01","-5.85","0","bK10W09C"
"(2016 NL56)","2061-08-11.07","13.58","6.52e+1","0.193","-1.32056","3.36e+4","9.1e-8","4.328e+01","-5.85","0","bK16N56L"
"(2016 WN55)","2081-09-12.19","109.72","1.50e+2","0.724","-0.55357","8.25e+5","2.6e-9","5.732e+03","-5.86","0","bK16W55N"
"(2015 YV20)","2023-05-08.05","71.98","1.21e+2","0.587","-0.42993","2.37e+5","1.3e-8","3.878e+01","-5.87","0","bK15Y20V"
"(2016 WN55)","2060-09-13.08","139.89","1.47e+2","0.946","-0.50258","1.01e+6","1.9e-9","5.109e+03","-5.87","0","bK16W55N"
"(2015 HV182)","2018-09-19.04","155.40","1.43e+2","1.078","-0.33736","1.40e+6","1.3e-9","1.170e+02","-5.87","0","bK15HI2V"
"(2017 DC120)","2021-01-30.79","54.38","2.38e+2","0.224","-1.02419","2.54e+5","4.8e-9","7.668e+01","-5.87","0","bK17DC0C"
"(2016 NL56)","2030-02-16.78","195.21","3.57e+2","0.544","-0.53679","1.51e+5","6.8e-9","2.196e+02","-5.88","0","bK16N56L"
"(2007 FT3)","2030-10-03.69","65.61","4.61e+1","1.403","-0.52780","3.66e+6","9.4e-10","2.670e+03","-5.89","0","bK07F03T"
"(2016 WN55)","2078-09-13.46","110.14","1.22e+2","0.892","-0.51023","9.38e+5","2.5e-9","5.204e+03","-5.89","0","bK16W55N"
"(2007 WP3)","2109-11-12.30","0.57","4.50e-3","0.000","1.91006","2.64e+5","4.0e-7","1.425e+01","-5.91","0","bK07W03P"
"(2008 EX5)","2074-10-09.49","0.54","7.86e-3","0.000","-0.57289","1.30e+6","4.4e-7","7.286e+00","-5.91","0","bK08E05X"
"(2007 FT3)","2112-10-04.28","47.21","4.85e+1","0.952","-0.63999","8.16e+5","6.4e-9","2.690e+03","-5.91","0","bK07F03T"
"(2016 NL56)","2105-03-30.01","72.74","9.16e+2","0.078","-0.06587","1.20e+5","4.5e-9","3.699e+03","-5.91","0","bK16N56L"
"(2015 HV182)","2054-10-22.57","87.54","9.28e+1","0.932","-0.05637","8.87e+4","3.9e-8","8.825e+01","-5.91","0","bK15HI2V"
"(2015 HV182)","2019-12-28.89","147.39","3.41e+2","0.429","-0.02988","6.05e+5","2.2e-9","1.182e+02","-5.91","0","bK15HI2V"
"(2016 WG)","2110-06-24.79","0.04","4.61e-3","0.000","1.49191","1.60e+6","1.6e-7","4.486e+01","-5.91","0","bK16W00G"
"(2010 MA113)","2049-07-23.63","125.01","9.56e+1","1.298","2.33417","2.03e+3","1.1e-7","1.818e+01","-5.93","0","bK10MB3A"
"(2010 DG77)","2018-01-11.27","129.32","6.57e+1","1.954","0.03029","2.59e+6","4.2e-10","1.794e+02","-5.93","0","bK10D77G"
"(2000 WJ107)","2114-11-19.98","0.24","1.04e-2","0.000","-1.29254","1.29e+6","2.6e-7","2.426e+01","-5.94","0","bK00WA7J"
"(2010 MA113)","2077-01-24.58","4.38","2.38e+0","1.422","1.82604","1.32e+5","6.7e-8","7.358e+01","-5.94","0","bK10MB3A"
"(2000 WJ107)","2114-11-19.98","0.35","7.86e-3","0.000","0.29562","2.80e+6","2.6e-7","2.445e+01","-5.95","0","bK00WA7J"
"(2008 UV99)","2058-03-29.98","14.97","3.25e+1","0.430","0.51508","6.65e+6","1.8e-9","3.919e+03","-5.95","0","bK08U99V"
"(2012 ES10)","2059-03-05.46","0.38","1.57e-2","0.000","1.14252","3.81e+6","1.0e-7","2.695e+01","-5.95","0","bK12E10S"
"(2015 ME131)","2034-08-17.21","175.06","6.26e+2","0.278","0.66492","1.58e+6","3.9e-10","9.157e+03","-5.95","0","bK15MD1E"
"(2016 WG)","2101-06-24.09","0.33","3.93e-3","0.000","0.94407","3.59e+6","1.3e-7","4.509e+01","-5.95","0","bK16W00G"
"(2016 NL56)","2043-08-16.68","13.27","6.90e+0","1.779","-1.01638","2.29e+5","2.9e-8","7.062e+01","-5.95","0","bK16N56L"
"(2000 WJ107)","2114-11-19.98","0.65","8.78e-3","0.000","-0.92709","1.56e+6","2.5e-7","2.432e+01","-5.96","0","bK00WA7J"
"(2007 WP3)","2113-11-12.29","0.43","< 1.e-04","0.000","-0.63176","1.54e+6","3.8e-7","1.421e+01","-5.96","0","bK07W03P"
"(2016 WN55)","2083-09-13.15","4.03","1.51e+2","0.020","-0.53190","1.29e+6","2.2e-9","5.464e+03","-5.96","0","bK16W55N"
"(2010 XB73)","2044-06-01.39","17.48","4.06e+1","0.406","-1.27334","8.89e+4","5.6e-8","3.169e+01","-5.96","0","bK10X73B"
"101955 Bennu (1999 RQ36)","2193-09-25.67","0.12","< 1.e-04","0.000","2.585","2.72e+6","2.1e-8","1.151e+03","-5.96","","a0101955"
"(2010 MA113)","2049-07-23.63","125.03","9.29e+1","1.335","2.33236","2.19e+3","1.0e-7","1.828e+01","-5.97","0","bK10MB3A"
"(2016 NL56)","2053-08-16.94","7.63","8.20e+0","0.808","-0.98476","6.42e+5","3.7e-8","7.486e+01","-5.97","0","bK16N56L"
"(2007 FT3)","2047-10-03.93","46.08","4.63e+1","0.974","-0.60635","3.15e+6","1.7e-9","2.683e+03","-5.98","0","bK07F03T"
"(2015 BS516)","2035-09-16.40","91.20","2.73e+2","0.330","-0.96485","8.67e+5","1.3e-9","2.118e+03","-5.98","0","bK15Bp6S"
"(2005 TM173)","2017-12-13.78","113.95","5.59e+1","2.021","-0.65034","2.08e+5","4.3e-9","7.369e+00","-5.98","0","bK05TH3M"
"(2007 FT3)","2090-10-03.71","37.93","4.81e+1","0.767","-0.64999","1.52e+6","4.1e-9","2.693e+03","-5.99","0","bK07F03T"
"(2008 UV99)","2098-03-29.69","15.81","2.51e+1","0.591","0.50371","4.27e+6","3.4e-9","3.791e+03","-5.99","0","bK08U99V"
"(2010 KJ37)","2024-11-18.90","26.71","3.74e+1","0.687","1.52207","4.70e+4","6.9e-8","4.595e+00","-5.99","0","bK10K37J"
"(2015 BS516)","2037-09-17.25","109.31","2.08e+2","0.521","-0.92433","9.97e+5","1.4e-9","2.114e+03","-5.99","0","bK15Bp6S"
"(2015 ME131)","2035-08-17.53","167.43","5.92e+2","0.281","0.66785","1.73e+6","3.8e-10","9.198e+03","-5.99","0","bK15MD1E"
"(2016 NL56)","2080-09-09.86","74.39","2.53e+2","0.290","-0.26563","1.73e+5","1.1e-8","6.861e+02","-5.99","0","bK16N56L"
"(2016 WG)","2101-06-24.16","0.61","3.93e-3","0.000","0.90560","3.41e+6","1.2e-7","4.510e+01","-5.99","0","bK16W00G"
"(2000 WJ107)","2114-11-19.99","0.83","1.04e-2","0.000","0.68144","1.56e+6","2.3e-7","2.449e+01","-6.00","0","bK00WA7J"
"(2008 UV99)","2035-03-30.66","63.04","2.55e+1","2.432","0.52853","1.17e+6","6.9e-10","4.085e+03","-6.00","0","bK08U99V"
"(2010 XB73)","2023-06-04.21","46.16","4.32e+1","1.045","-1.25853","2.52e+5","1.2e-8","3.166e+01","-6.00","0","bK10X73B"
"(2017 FB1)","2108-03-03.51","1.36","2.06e-1","1.751","1.14423","3.84e+4","1.5e-7","3.675e+01","-6.00","0","bK17F01B"
"(2015 RN35)","2083-12-12.37","0.56","< 1.e-04","0.000","0.58174","2.57e+6","2.2e-7","1.579e+01","-6.00","0","bK15R35N"